"name","ra","id_curso","semestre","tot_cred","id_tcc","formado"
Edita Heustace,"1040251110","1521",10,10,"",0
Giana Harback,"2884642765","9876",6,6,"",1
Carey Gillingham,"4581949548","9876",5,5,"716",1
Jerry Summerson,"5370601909","9583",4,4,"634",0
Conrad Spears,"5591245617","1521",9,9,"",0
Nicola Arro,"5913577698","1914",8,8,"565",1
Hunt Burberry,"6390410948","5356",2,2,"634",0
Leland Jimes,"6703616205","1914",7,7,"565",0
Briney Crips,"7144486071","5356",1,1,"716",1
Merralee Aiken,"8676755329","9583",3,3,"716",0
