"id_curso","ciclo","nome_curso","id_disc","nome_disc"
"5356",1,Ciências da computação,"7615",Python
"5356",2,Ciências da computação,"0842",C
"5356",3,Ciências da computação,"5890",Estudo Social Cristão
"5356",4,Ciências da computação,"1983",Cálculo
"9583",1,Eng. Elétrica,"1248",Circuitos
"9583",2,Eng. Elétrica,"3448",Sistemas Digitais
"9876",1,Administração,"8940",Gestão
"9876",2,Administração,"1880",Macroeconomia
"1914",1,Eng. Automotiva,"4847",Mecânica Geral
"1914",2,Eng. Automotiva,"1248",Circuitos
"1521",1,Eng. Civil,"9882",Termodinâmica
"1521",2,Eng. Civil,"1983",Cálculo
