{
  "version": "2.2.0",
  "visualisation": {
    "nodes": [
      {
        "id": "n:1",
        "position": {
          "x": 0,
          "y": 0
        }
      },
      {
        "id": "n:2",
        "position": {
          "x": 300.2728381671864,
          "y": 138.4605750095466
        }
      },
      {
        "id": "n:3",
        "position": {
          "x": 300,
          "y": 0
        }
      },
      {
        "id": "n:4",
        "position": {
          "x": 153.70542123640143,
          "y": 67.46292685891599
        }
      },
      {
        "id": "n:7",
        "position": {
          "x": 32.28450202501559,
          "y": -108.72668646187977
        }
      },
      {
        "id": "n:8",
        "position": {
          "x": 412.66851947864757,
          "y": 55.466217478822415
        }
      },
      {
        "id": "n:9",
        "position": {
          "x": 22.811543186355426,
          "y": 143.7132298563019
        }
      }
    ]
  },
  "dataModel": {
    "version": "2.2.0",
    "graphSchemaRepresentation": {
      "version": "1.0.0",
      "graphSchema": {
        "nodeLabels": [
          {
            "$id": "nl:1",
            "token": "Alunos",
            "properties": [
              {
                "$id": "p:1",
                "token": "name",
                "type": {
                  "type": "string"
                },
                "nullable": true
              },
              {
                "$id": "p:2",
                "token": "ra",
                "type": {
                  "type": "integer"
                },
                "nullable": true
              },
              {
                "$id": "p:3",
                "token": "id_curso",
                "type": {
                  "type": "integer"
                },
                "nullable": true
              },
              {
                "$id": "p:4",
                "token": "semestre",
                "type": {
                  "type": "integer"
                },
                "nullable": true
              },
              {
                "$id": "p:5",
                "token": "tot_cred",
                "type": {
                  "type": "integer"
                },
                "nullable": true
              },
              {
                "$id": "p:6",
                "token": "id_tcc",
                "type": {
                  "type": "integer"
                },
                "nullable": true
              },
              {
                "$id": "p:7",
                "token": "formado",
                "type": {
                  "type": "boolean"
                },
                "nullable": true
              }
            ]
          },
          {
            "$id": "nl:2",
            "token": "Professores",
            "properties": [
              {
                "$id": "p:14",
                "token": "name",
                "type": {
                  "type": "string"
                },
                "nullable": true
              },
              {
                "$id": "p:15",
                "token": "id",
                "type": {
                  "type": "integer"
                },
                "nullable": true
              },
              {
                "$id": "p:16",
                "token": "depart_id",
                "type": {
                  "type": "string"
                },
                "nullable": true
              }
            ]
          },
          {
            "$id": "nl:3",
            "token": "Disciplinas",
            "properties": [
              {
                "$id": "p:8",
                "token": "name",
                "type": {
                  "type": "string"
                },
                "nullable": true
              },
              {
                "$id": "p:9",
                "token": "id",
                "type": {
                  "type": "integer"
                },
                "nullable": true
              },
              {
                "$id": "p:10",
                "token": "depart_id",
                "type": {
                  "type": "string"
                },
                "nullable": true
              }
            ]
          },
          {
            "$id": "nl:4",
            "token": "Cursos",
            "properties": [
              {
                "$id": "p:11",
                "token": "name",
                "type": {
                  "type": "string"
                },
                "nullable": true
              },
              {
                "$id": "p:12",
                "token": "id",
                "type": {
                  "type": "integer"
                },
                "nullable": true
              },
              {
                "$id": "p:13",
                "token": "coordenador",
                "type": {
                  "type": "integer"
                },
                "nullable": true
              }
            ]
          },
          {
            "$id": "nl:7",
            "token": "Formados",
            "properties": [
              {
                "$id": "p:17",
                "token": "ra",
                "type": {
                  "type": "integer"
                },
                "nullable": true
              },
              {
                "$id": "p:18",
                "token": "ano",
                "type": {
                  "type": "integer"
                },
                "nullable": true
              }
            ]
          },
          {
            "$id": "nl:8",
            "token": "Departamentos",
            "properties": [
              {
                "$id": "p:19",
                "token": "name",
                "type": {
                  "type": "string"
                },
                "nullable": true
              },
              {
                "$id": "p:20",
                "token": "id",
                "type": {
                  "type": "string"
                },
                "nullable": true
              },
              {
                "$id": "p:21",
                "token": "id_chefe",
                "type": {
                  "type": "integer"
                },
                "nullable": true
              }
            ]
          },
          {
            "$id": "nl:9",
            "token": "TCC",
            "properties": [
              {
                "$id": "p:22",
                "token": "tcc_id",
                "type": {
                  "type": "integer"
                },
                "nullable": true
              },
              {
                "$id": "p:23",
                "token": "id_professor",
                "type": {
                  "type": "integer"
                },
                "nullable": true
              }
            ]
          }
        ],
        "relationshipTypes": [
          {
            "$id": "rt:2",
            "token": "Hist_a",
            "properties": [
              {
                "$id": "p:47",
                "token": "id_aluno",
                "type": {
                  "type": "integer"
                },
                "nullable": true
              },
              {
                "$id": "p:48",
                "token": "id_curso",
                "type": {
                  "type": "integer"
                },
                "nullable": true
              },
              {
                "$id": "p:49",
                "token": "id_disciplinas",
                "type": {
                  "type": "integer"
                },
                "nullable": true
              },
              {
                "$id": "p:50",
                "token": "semestre",
                "type": {
                  "type": "integer"
                },
                "nullable": true
              },
              {
                "$id": "p:51",
                "token": "ano",
                "type": {
                  "type": "integer"
                },
                "nullable": true
              },
              {
                "$id": "p:52",
                "token": "nota",
                "type": {
                  "type": "integer"
                },
                "nullable": true
              }
            ]
          },
          {
            "$id": "rt:3",
            "token": "Ensina",
            "properties": [
              {
                "$id": "p:40",
                "token": "id_professor",
                "type": {
                  "type": "integer"
                },
                "nullable": true
              },
              {
                "$id": "p:41",
                "token": "id_disciplina",
                "type": {
                  "type": "integer"
                },
                "nullable": true
              }
            ]
          },
          {
            "$id": "rt:4",
            "token": "Hist_p",
            "properties": [
              {
                "$id": "p:35",
                "token": "id_professor",
                "type": {
                  "type": "integer"
                },
                "nullable": true
              },
              {
                "$id": "p:36",
                "token": "id_disciplina",
                "type": {
                  "type": "integer"
                },
                "nullable": true
              },
              {
                "$id": "p:37",
                "token": "id_curso",
                "type": {
                  "type": "integer"
                },
                "nullable": true
              },
              {
                "$id": "p:38",
                "token": "semestre",
                "type": {
                  "type": "integer"
                },
                "nullable": true
              },
              {
                "$id": "p:39",
                "token": "ano",
                "type": {
                  "type": "integer"
                },
                "nullable": true
              }
            ]
          },
          {
            "$id": "rt:5",
            "token": "Hist_p",
            "properties": [
              {
                "$id": "p:42",
                "token": "id_professor",
                "type": {
                  "type": "integer"
                },
                "nullable": true
              },
              {
                "$id": "p:43",
                "token": "id_disciplina",
                "type": {
                  "type": "integer"
                },
                "nullable": true
              },
              {
                "$id": "p:44",
                "token": "id_curso",
                "type": {
                  "type": "integer"
                },
                "nullable": true
              },
              {
                "$id": "p:45",
                "token": "semestre",
                "type": {
                  "type": "integer"
                },
                "nullable": true
              },
              {
                "$id": "p:46",
                "token": "ano",
                "type": {
                  "type": "integer"
                },
                "nullable": true
              }
            ]
          },
          {
            "$id": "rt:6",
            "token": "Matriz Curricular",
            "properties": [
              {
                "$id": "p:30",
                "token": "id_curso",
                "type": {
                  "type": "integer"
                },
                "nullable": true
              },
              {
                "$id": "p:31",
                "token": "ciclo",
                "type": {
                  "type": "integer"
                },
                "nullable": true
              },
              {
                "$id": "p:32",
                "token": "nome_curso",
                "type": {
                  "type": "string"
                },
                "nullable": true
              },
              {
                "$id": "p:33",
                "token": "id_disc",
                "type": {
                  "type": "integer"
                },
                "nullable": true
              },
              {
                "$id": "p:34",
                "token": "nome_disc",
                "type": {
                  "type": "string"
                },
                "nullable": true
              }
            ]
          },
          {
            "$id": "rt:1",
            "token": "Hist_a",
            "properties": [
              {
                "$id": "p:24",
                "token": "id_aluno",
                "type": {
                  "type": "integer"
                },
                "nullable": true
              },
              {
                "$id": "p:25",
                "token": "id_curso",
                "type": {
                  "type": "integer"
                },
                "nullable": true
              },
              {
                "$id": "p:26",
                "token": "id_disciplinas",
                "type": {
                  "type": "integer"
                },
                "nullable": true
              },
              {
                "$id": "p:27",
                "token": "semestre",
                "type": {
                  "type": "integer"
                },
                "nullable": true
              },
              {
                "$id": "p:28",
                "token": "ano",
                "type": {
                  "type": "integer"
                },
                "nullable": true
              },
              {
                "$id": "p:29",
                "token": "nota",
                "type": {
                  "type": "integer"
                },
                "nullable": true
              }
            ]
          },
          {
            "$id": "rt:7",
            "token": "Form",
            "properties": [
              {
                "$id": "p:53",
                "token": "ra",
                "type": {
                  "type": "integer"
                },
                "nullable": true
              },
              {
                "$id": "p:54",
                "token": "ano",
                "type": {
                  "type": "integer"
                },
                "nullable": true
              }
            ]
          },
          {
            "$id": "rt:8",
            "token": "Grupo_TCC",
            "properties": [
              {
                "$id": "p:55",
                "token": "id_tcc",
                "type": {
                  "type": "integer"
                },
                "nullable": true
              }
            ]
          },
          {
            "$id": "rt:9",
            "token": "Coordena",
            "properties": [
              {
                "$id": "p:56",
                "token": "id_professor",
                "type": {
                  "type": "integer"
                },
                "nullable": true
              }
            ]
          },
          {
            "$id": "rt:10",
            "token": "Chefia",
            "properties": [
              {
                "$id": "p:57",
                "token": "id_chefe",
                "type": {
                  "type": "integer"
                },
                "nullable": true
              }
            ]
          },
          {
            "$id": "rt:11",
            "token": "Pertence",
            "properties": [
              {
                "$id": "p:58",
                "token": "depart_id",
                "type": {
                  "type": "string"
                },
                "nullable": true
              }
            ]
          }
        ],
        "nodeObjectTypes": [
          {
            "$id": "n:1",
            "labels": [
              {
                "$ref": "#nl:1"
              }
            ]
          },
          {
            "$id": "n:2",
            "labels": [
              {
                "$ref": "#nl:2"
              }
            ]
          },
          {
            "$id": "n:3",
            "labels": [
              {
                "$ref": "#nl:3"
              }
            ]
          },
          {
            "$id": "n:4",
            "labels": [
              {
                "$ref": "#nl:4"
              }
            ]
          },
          {
            "$id": "n:7",
            "labels": [
              {
                "$ref": "#nl:7"
              }
            ]
          },
          {
            "$id": "n:8",
            "labels": [
              {
                "$ref": "#nl:8"
              }
            ]
          },
          {
            "$id": "n:9",
            "labels": [
              {
                "$ref": "#nl:9"
              }
            ]
          }
        ],
        "relationshipObjectTypes": [
          {
            "$id": "r:2",
            "type": {
              "$ref": "#rt:2"
            },
            "from": {
              "$ref": "#n:1"
            },
            "to": {
              "$ref": "#n:4"
            }
          },
          {
            "$id": "r:3",
            "type": {
              "$ref": "#rt:3"
            },
            "from": {
              "$ref": "#n:2"
            },
            "to": {
              "$ref": "#n:3"
            }
          },
          {
            "$id": "r:4",
            "type": {
              "$ref": "#rt:4"
            },
            "from": {
              "$ref": "#n:2"
            },
            "to": {
              "$ref": "#n:3"
            }
          },
          {
            "$id": "r:5",
            "type": {
              "$ref": "#rt:5"
            },
            "from": {
              "$ref": "#n:2"
            },
            "to": {
              "$ref": "#n:4"
            }
          },
          {
            "$id": "r:6",
            "type": {
              "$ref": "#rt:6"
            },
            "from": {
              "$ref": "#n:4"
            },
            "to": {
              "$ref": "#n:3"
            }
          },
          {
            "$id": "r:1",
            "type": {
              "$ref": "#rt:1"
            },
            "from": {
              "$ref": "#n:1"
            },
            "to": {
              "$ref": "#n:3"
            }
          },
          {
            "$id": "r:7",
            "type": {
              "$ref": "#rt:7"
            },
            "from": {
              "$ref": "#n:1"
            },
            "to": {
              "$ref": "#n:7"
            }
          },
          {
            "$id": "r:8",
            "type": {
              "$ref": "#rt:8"
            },
            "from": {
              "$ref": "#n:1"
            },
            "to": {
              "$ref": "#n:9"
            }
          },
          {
            "$id": "r:9",
            "type": {
              "$ref": "#rt:9"
            },
            "from": {
              "$ref": "#n:2"
            },
            "to": {
              "$ref": "#n:9"
            }
          },
          {
            "$id": "r:10",
            "type": {
              "$ref": "#rt:10"
            },
            "from": {
              "$ref": "#n:2"
            },
            "to": {
              "$ref": "#n:8"
            }
          },
          {
            "$id": "r:11",
            "type": {
              "$ref": "#rt:11"
            },
            "from": {
              "$ref": "#n:3"
            },
            "to": {
              "$ref": "#n:8"
            }
          }
        ],
        "constraints": [
          {
            "$id": "c:1",
            "name": "id_Disciplinas_uniq",
            "constraintType": "uniqueness",
            "entityType": "node",
            "nodeLabel": {
              "$ref": "#nl:3"
            },
            "properties": [
              {
                "$ref": "#p:9"
              }
            ]
          },
          {
            "$id": "c:2",
            "name": "ra_Alunos_uniq",
            "constraintType": "uniqueness",
            "entityType": "node",
            "nodeLabel": {
              "$ref": "#nl:1"
            },
            "properties": [
              {
                "$ref": "#p:2"
              }
            ]
          },
          {
            "$id": "c:3",
            "name": "id_Cursos_uniq",
            "constraintType": "uniqueness",
            "entityType": "node",
            "nodeLabel": {
              "$ref": "#nl:4"
            },
            "properties": [
              {
                "$ref": "#p:12"
              }
            ]
          },
          {
            "$id": "c:4",
            "name": "id_Professores_uniq",
            "constraintType": "uniqueness",
            "entityType": "node",
            "nodeLabel": {
              "$ref": "#nl:2"
            },
            "properties": [
              {
                "$ref": "#p:15"
              }
            ]
          },
          {
            "$id": "c:5",
            "name": "ra_Formados_uniq",
            "constraintType": "uniqueness",
            "entityType": "node",
            "nodeLabel": {
              "$ref": "#nl:7"
            },
            "properties": [
              {
                "$ref": "#p:17"
              }
            ]
          },
          {
            "$id": "c:6",
            "name": "id_Departamentos_uniq",
            "constraintType": "uniqueness",
            "entityType": "node",
            "nodeLabel": {
              "$ref": "#nl:8"
            },
            "properties": [
              {
                "$ref": "#p:20"
              }
            ]
          },
          {
            "$id": "c:7",
            "name": "tcc_id_TCC_uniq",
            "constraintType": "uniqueness",
            "entityType": "node",
            "nodeLabel": {
              "$ref": "#nl:9"
            },
            "properties": [
              {
                "$ref": "#p:22"
              }
            ]
          }
        ],
        "indexes": [
          {
            "$id": "i:1",
            "name": "id_Disciplinas_uniq",
            "indexType": "default",
            "entityType": "node",
            "nodeLabel": {
              "$ref": "#nl:3"
            },
            "properties": [
              {
                "$ref": "#p:9"
              }
            ]
          },
          {
            "$id": "i:2",
            "name": "ra_Alunos_uniq",
            "indexType": "default",
            "entityType": "node",
            "nodeLabel": {
              "$ref": "#nl:1"
            },
            "properties": [
              {
                "$ref": "#p:2"
              }
            ]
          },
          {
            "$id": "i:3",
            "name": "id_Cursos_uniq",
            "indexType": "default",
            "entityType": "node",
            "nodeLabel": {
              "$ref": "#nl:4"
            },
            "properties": [
              {
                "$ref": "#p:12"
              }
            ]
          },
          {
            "$id": "i:4",
            "name": "id_Professores_uniq",
            "indexType": "default",
            "entityType": "node",
            "nodeLabel": {
              "$ref": "#nl:2"
            },
            "properties": [
              {
                "$ref": "#p:15"
              }
            ]
          },
          {
            "$id": "i:5",
            "name": "ra_Formados_uniq",
            "indexType": "default",
            "entityType": "node",
            "nodeLabel": {
              "$ref": "#nl:7"
            },
            "properties": [
              {
                "$ref": "#p:17"
              }
            ]
          },
          {
            "$id": "i:6",
            "name": "id_Departamentos_uniq",
            "indexType": "default",
            "entityType": "node",
            "nodeLabel": {
              "$ref": "#nl:8"
            },
            "properties": [
              {
                "$ref": "#p:20"
              }
            ]
          },
          {
            "$id": "i:7",
            "name": "tcc_id_TCC_uniq",
            "indexType": "default",
            "entityType": "node",
            "nodeLabel": {
              "$ref": "#nl:9"
            },
            "properties": [
              {
                "$ref": "#p:22"
              }
            ]
          }
        ]
      }
    },
    "graphSchemaExtensionsRepresentation": {
      "nodeKeyProperties": [
        {
          "node": {
            "$ref": "#n:3"
          },
          "keyProperty": {
            "$ref": "#p:9"
          }
        },
        {
          "node": {
            "$ref": "#n:1"
          },
          "keyProperty": {
            "$ref": "#p:2"
          }
        },
        {
          "node": {
            "$ref": "#n:4"
          },
          "keyProperty": {
            "$ref": "#p:12"
          }
        },
        {
          "node": {
            "$ref": "#n:2"
          },
          "keyProperty": {
            "$ref": "#p:15"
          }
        },
        {
          "node": {
            "$ref": "#n:7"
          },
          "keyProperty": {
            "$ref": "#p:17"
          }
        },
        {
          "node": {
            "$ref": "#n:8"
          },
          "keyProperty": {
            "$ref": "#p:20"
          }
        },
        {
          "node": {
            "$ref": "#n:9"
          },
          "keyProperty": {
            "$ref": "#p:22"
          }
        }
      ]
    },
    "graphMappingRepresentation": {
      "dataSourceSchema": {
        "type": "local",
        "tableSchemas": [
          {
            "name": "tcc.csv",
            "expanded": true,
            "fields": [
              {
                "name": "tcc_id",
                "type": "integer",
                "sample": "565",
                "include": true
              },
              {
                "name": "id_professor",
                "type": "integer",
                "sample": "20783",
                "include": true
              }
            ]
          },
          {
            "name": "professores.csv",
            "expanded": true,
            "fields": [
              {
                "name": "name",
                "type": "string",
                "sample": "Maria",
                "include": true
              },
              {
                "name": "id",
                "type": "integer",
                "sample": "20783",
                "include": true
              },
              {
                "name": "depart_id",
                "type": "string",
                "sample": "ES",
                "include": true
              }
            ]
          },
          {
            "name": "mcc.csv",
            "expanded": true,
            "fields": [
              {
                "name": "id_curso",
                "type": "integer",
                "sample": "5356",
                "include": true
              },
              {
                "name": "ciclo",
                "type": "integer",
                "sample": "1",
                "include": true
              },
              {
                "name": "nome_curso",
                "type": "string",
                "sample": "Ciências da computação",
                "include": true
              },
              {
                "name": "id_disc",
                "type": "integer",
                "sample": "7615",
                "include": true
              },
              {
                "name": "nome_disc",
                "type": "string",
                "sample": "Python",
                "include": true
              }
            ]
          },
          {
            "name": "hist_p.csv",
            "expanded": true,
            "fields": [
              {
                "name": "id_professor",
                "type": "integer",
                "sample": "88580",
                "include": true
              },
              {
                "name": "id_disciplina",
                "type": "integer",
                "sample": "7615",
                "include": true
              },
              {
                "name": "id_curso",
                "type": "integer",
                "sample": "5356",
                "include": true
              },
              {
                "name": "semestre",
                "type": "integer",
                "sample": "1",
                "include": true
              },
              {
                "name": "ano",
                "type": "integer",
                "sample": "2018",
                "include": true
              }
            ]
          },
          {
            "name": "alunos.csv",
            "expanded": true,
            "fields": [
              {
                "name": "name",
                "type": "string",
                "sample": "Edita Heustace",
                "include": true
              },
              {
                "name": "ra",
                "type": "integer",
                "sample": "1040251110",
                "include": true
              },
              {
                "name": "id_curso",
                "type": "integer",
                "sample": "1521",
                "include": true
              },
              {
                "name": "semestre",
                "type": "integer",
                "sample": "10",
                "include": true
              },
              {
                "name": "tot_cred",
                "type": "integer",
                "sample": "10",
                "include": true
              },
              {
                "name": "id_tcc",
                "type": "integer",
                "sample": "",
                "include": true
              },
              {
                "name": "formado",
                "type": "boolean",
                "sample": "0",
                "include": true
              }
            ]
          },
          {
            "name": "hist_a.csv",
            "expanded": true,
            "fields": [
              {
                "name": "id_aluno",
                "type": "integer",
                "sample": "7144486071",
                "include": true
              },
              {
                "name": "id_curso",
                "type": "integer",
                "sample": "5356",
                "include": true
              },
              {
                "name": "id_disciplinas",
                "type": "integer",
                "sample": "7615",
                "include": true
              },
              {
                "name": "semestre",
                "type": "integer",
                "sample": "1",
                "include": true
              },
              {
                "name": "ano",
                "type": "integer",
                "sample": "2014",
                "include": true
              },
              {
                "name": "nota",
                "type": "integer",
                "sample": "6",
                "include": true
              }
            ]
          },
          {
            "name": "formado.csv",
            "expanded": true,
            "fields": [
              {
                "name": "ra",
                "type": "integer",
                "sample": "2884642765",
                "include": true
              },
              {
                "name": "ano",
                "type": "integer",
                "sample": "2010",
                "include": true
              }
            ]
          },
          {
            "name": "ensina.csv",
            "expanded": true,
            "fields": [
              {
                "name": "id_professor",
                "type": "integer",
                "sample": "88580",
                "include": true
              },
              {
                "name": "id_disciplina",
                "type": "integer",
                "sample": "7615",
                "include": true
              }
            ]
          },
          {
            "name": "disciplinas.csv",
            "expanded": true,
            "fields": [
              {
                "name": "name",
                "type": "string",
                "sample": "C",
                "include": true
              },
              {
                "name": "id",
                "type": "integer",
                "sample": "0842",
                "include": true
              },
              {
                "name": "depart_id",
                "type": "string",
                "sample": "CC",
                "include": true
              }
            ]
          },
          {
            "name": "departamentos.csv",
            "expanded": true,
            "fields": [
              {
                "name": "name",
                "type": "string",
                "sample": "Administração",
                "include": true
              },
              {
                "name": "id",
                "type": "string",
                "sample": "AD",
                "include": true
              },
              {
                "name": "id_chefe",
                "type": "integer",
                "sample": "24486",
                "include": true
              }
            ]
          },
          {
            "name": "cursos.csv",
            "expanded": true,
            "fields": [
              {
                "name": "name",
                "type": "string",
                "sample": "Eng. Civil",
                "include": true
              },
              {
                "name": "id",
                "type": "integer",
                "sample": "1521",
                "include": true
              },
              {
                "name": "coordenador",
                "type": "integer",
                "sample": "20783",
                "include": true
              }
            ]
          }
        ]
      },
      "nodeMappings": [
        {
          "node": {
            "$ref": "#n:1"
          },
          "tableName": "alunos.csv",
          "propertyMappings": [
            {
              "fieldName": "name",
              "property": {
                "$ref": "#p:1"
              }
            },
            {
              "fieldName": "ra",
              "property": {
                "$ref": "#p:2"
              }
            },
            {
              "fieldName": "id_curso",
              "property": {
                "$ref": "#p:3"
              }
            },
            {
              "fieldName": "semestre",
              "property": {
                "$ref": "#p:4"
              }
            },
            {
              "fieldName": "tot_cred",
              "property": {
                "$ref": "#p:5"
              }
            },
            {
              "fieldName": "id_tcc",
              "property": {
                "$ref": "#p:6"
              }
            },
            {
              "fieldName": "formado",
              "property": {
                "$ref": "#p:7"
              }
            }
          ]
        },
        {
          "node": {
            "$ref": "#n:3"
          },
          "tableName": "disciplinas.csv",
          "propertyMappings": [
            {
              "fieldName": "name",
              "property": {
                "$ref": "#p:8"
              }
            },
            {
              "fieldName": "id",
              "property": {
                "$ref": "#p:9"
              }
            },
            {
              "fieldName": "depart_id",
              "property": {
                "$ref": "#p:10"
              }
            }
          ]
        },
        {
          "node": {
            "$ref": "#n:4"
          },
          "tableName": "cursos.csv",
          "propertyMappings": [
            {
              "fieldName": "name",
              "property": {
                "$ref": "#p:11"
              }
            },
            {
              "fieldName": "id",
              "property": {
                "$ref": "#p:12"
              }
            },
            {
              "fieldName": "coordenador",
              "property": {
                "$ref": "#p:13"
              }
            }
          ]
        },
        {
          "node": {
            "$ref": "#n:2"
          },
          "tableName": "professores.csv",
          "propertyMappings": [
            {
              "fieldName": "name",
              "property": {
                "$ref": "#p:14"
              }
            },
            {
              "fieldName": "id",
              "property": {
                "$ref": "#p:15"
              }
            },
            {
              "fieldName": "depart_id",
              "property": {
                "$ref": "#p:16"
              }
            }
          ]
        },
        {
          "node": {
            "$ref": "#n:7"
          },
          "tableName": "formado.csv",
          "propertyMappings": [
            {
              "fieldName": "ra",
              "property": {
                "$ref": "#p:17"
              }
            },
            {
              "fieldName": "ano",
              "property": {
                "$ref": "#p:18"
              }
            }
          ]
        },
        {
          "node": {
            "$ref": "#n:8"
          },
          "tableName": "departamentos.csv",
          "propertyMappings": [
            {
              "fieldName": "name",
              "property": {
                "$ref": "#p:19"
              }
            },
            {
              "fieldName": "id",
              "property": {
                "$ref": "#p:20"
              }
            },
            {
              "fieldName": "id_chefe",
              "property": {
                "$ref": "#p:21"
              }
            }
          ]
        },
        {
          "node": {
            "$ref": "#n:9"
          },
          "tableName": "tcc.csv",
          "propertyMappings": [
            {
              "fieldName": "tcc_id",
              "property": {
                "$ref": "#p:22"
              }
            },
            {
              "fieldName": "id_professor",
              "property": {
                "$ref": "#p:23"
              }
            }
          ]
        }
      ],
      "relationshipMappings": [
        {
          "relationship": {
            "$ref": "#r:2"
          },
          "tableName": "hist_a.csv",
          "propertyMappings": [
            {
              "fieldName": "id_aluno",
              "property": {
                "$ref": "#p:47"
              }
            },
            {
              "fieldName": "id_curso",
              "property": {
                "$ref": "#p:48"
              }
            },
            {
              "fieldName": "id_disciplinas",
              "property": {
                "$ref": "#p:49"
              }
            },
            {
              "fieldName": "semestre",
              "property": {
                "$ref": "#p:50"
              }
            },
            {
              "fieldName": "ano",
              "property": {
                "$ref": "#p:51"
              }
            },
            {
              "fieldName": "nota",
              "property": {
                "$ref": "#p:52"
              }
            }
          ],
          "fromMapping": {
            "fieldName": "id_aluno"
          },
          "toMapping": {
            "fieldName": "id_curso"
          }
        },
        {
          "relationship": {
            "$ref": "#r:3"
          },
          "tableName": "ensina.csv",
          "propertyMappings": [
            {
              "fieldName": "id_professor",
              "property": {
                "$ref": "#p:40"
              }
            },
            {
              "fieldName": "id_disciplina",
              "property": {
                "$ref": "#p:41"
              }
            }
          ],
          "fromMapping": {
            "fieldName": "id_professor"
          },
          "toMapping": {
            "fieldName": "id_disciplina"
          }
        },
        {
          "relationship": {
            "$ref": "#r:4"
          },
          "tableName": "hist_p.csv",
          "propertyMappings": [
            {
              "fieldName": "id_professor",
              "property": {
                "$ref": "#p:35"
              }
            },
            {
              "fieldName": "id_disciplina",
              "property": {
                "$ref": "#p:36"
              }
            },
            {
              "fieldName": "id_curso",
              "property": {
                "$ref": "#p:37"
              }
            },
            {
              "fieldName": "semestre",
              "property": {
                "$ref": "#p:38"
              }
            },
            {
              "fieldName": "ano",
              "property": {
                "$ref": "#p:39"
              }
            }
          ],
          "fromMapping": {
            "fieldName": "id_professor"
          },
          "toMapping": {
            "fieldName": "id_disciplina"
          }
        },
        {
          "relationship": {
            "$ref": "#r:5"
          },
          "tableName": "hist_p.csv",
          "propertyMappings": [
            {
              "fieldName": "id_professor",
              "property": {
                "$ref": "#p:42"
              }
            },
            {
              "fieldName": "id_disciplina",
              "property": {
                "$ref": "#p:43"
              }
            },
            {
              "fieldName": "id_curso",
              "property": {
                "$ref": "#p:44"
              }
            },
            {
              "fieldName": "semestre",
              "property": {
                "$ref": "#p:45"
              }
            },
            {
              "fieldName": "ano",
              "property": {
                "$ref": "#p:46"
              }
            }
          ],
          "fromMapping": {
            "fieldName": "id_professor"
          },
          "toMapping": {
            "fieldName": "id_curso"
          }
        },
        {
          "relationship": {
            "$ref": "#r:6"
          },
          "tableName": "mcc.csv",
          "propertyMappings": [
            {
              "fieldName": "id_curso",
              "property": {
                "$ref": "#p:30"
              }
            },
            {
              "fieldName": "ciclo",
              "property": {
                "$ref": "#p:31"
              }
            },
            {
              "fieldName": "nome_curso",
              "property": {
                "$ref": "#p:32"
              }
            },
            {
              "fieldName": "id_disc",
              "property": {
                "$ref": "#p:33"
              }
            },
            {
              "fieldName": "nome_disc",
              "property": {
                "$ref": "#p:34"
              }
            }
          ],
          "fromMapping": {
            "fieldName": "id_curso"
          },
          "toMapping": {
            "fieldName": "id_disc"
          }
        },
        {
          "relationship": {
            "$ref": "#r:1"
          },
          "tableName": "hist_a.csv",
          "propertyMappings": [
            {
              "fieldName": "id_aluno",
              "property": {
                "$ref": "#p:24"
              }
            },
            {
              "fieldName": "id_curso",
              "property": {
                "$ref": "#p:25"
              }
            },
            {
              "fieldName": "id_disciplinas",
              "property": {
                "$ref": "#p:26"
              }
            },
            {
              "fieldName": "semestre",
              "property": {
                "$ref": "#p:27"
              }
            },
            {
              "fieldName": "ano",
              "property": {
                "$ref": "#p:28"
              }
            },
            {
              "fieldName": "nota",
              "property": {
                "$ref": "#p:29"
              }
            }
          ],
          "fromMapping": {
            "fieldName": "id_aluno"
          },
          "toMapping": {
            "fieldName": "id_disciplinas"
          }
        },
        {
          "relationship": {
            "$ref": "#r:7"
          },
          "tableName": "formado.csv",
          "propertyMappings": [
            {
              "fieldName": "ra",
              "property": {
                "$ref": "#p:53"
              }
            },
            {
              "fieldName": "ano",
              "property": {
                "$ref": "#p:54"
              }
            }
          ],
          "toMapping": {
            "fieldName": "ra"
          },
          "fromMapping": {
            "fieldName": "ra"
          }
        },
        {
          "relationship": {
            "$ref": "#r:8"
          },
          "tableName": "alunos.csv",
          "propertyMappings": [
            {
              "fieldName": "id_tcc",
              "property": {
                "$ref": "#p:55"
              }
            }
          ],
          "fromMapping": {
            "fieldName": "ra"
          },
          "toMapping": {
            "fieldName": "id_tcc"
          }
        },
        {
          "relationship": {
            "$ref": "#r:9"
          },
          "tableName": "tcc.csv",
          "propertyMappings": [
            {
              "fieldName": "id_professor",
              "property": {
                "$ref": "#p:56"
              }
            }
          ],
          "toMapping": {
            "fieldName": "tcc_id"
          },
          "fromMapping": {
            "fieldName": "id_professor"
          }
        },
        {
          "relationship": {
            "$ref": "#r:10"
          },
          "tableName": "departamentos.csv",
          "propertyMappings": [
            {
              "fieldName": "id_chefe",
              "property": {
                "$ref": "#p:57"
              }
            }
          ],
          "toMapping": {
            "fieldName": "id"
          },
          "fromMapping": {
            "fieldName": "id_chefe"
          }
        },
        {
          "relationship": {
            "$ref": "#r:11"
          },
          "tableName": "disciplinas.csv",
          "propertyMappings": [
            {
              "fieldName": "depart_id",
              "property": {
                "$ref": "#p:58"
              }
            }
          ],
          "fromMapping": {
            "fieldName": "depart_id"
          },
          "toMapping": {
            "fieldName": "depart_id"
          }
        }
      ]
    },
    "configurations": {
      "idsToIgnore": []
    }
  }
}